id;result;message;licence_id;receipt_id;v_rn;status;loaded_by;loaded_date;approved_by;approved_date;i_d_number;first_name;last_name;address_1;address_2;suburb_id;transaction_amt;arrears_amt;penalties_amt;administration_amt;total_lic_amt;radio_tv_amt;radio_tv_arrears_amt;total_radio_tv_amt;total_amount;tax_class;nett_mass;lic_expiry_date;radio_tv_expiry_date
1;late ick why;rank excluding soon;quoth how serialise;hard;oof whether;aside overjoyed underneath;chubby snoopy a;viciously;save;psst yum promote;mister sing gadzooks;Ocie;Thompson;ha ha sari;er tab incidentally;when pish;participation hastily imaginary;little;pun zowie;greedily;reconquer;soda;other;total via;waffle blah meanwhile;comfortable shyly;yippee ruddy;lookout which;icky
2;bad stumbling want;aha whether of;so;absent adorable brr;injustice forked glaring;depend rattle present;dearly;whether beneath per;spool;hence;which;Jarret;Kilback;breach gadzooks;ew whenever supposing;heating yahoo cut;midst perfect because;failing where intrepid;inasmuch nonstop;explore lest;instead shampoo;since unlike;subgroup;sweatshirt;satisfied yum;greatly cheerfully highly;zowie;supposing strike brr;referee
3;carefree;snoopy however;guilt;of;distinct soupy;vice exactly;instead;per sans warmly;worldly ack;pouch via ack;apropos;Audie;Fritsch-Breitenberg;alongside;rural gah;rostrum smirk duh;nerve;budget;misbehave minus finalize;yum so thunderous;cylinder athletic;circa energetically aw;aboard juxtapose;unto tame an;dally;hence abnormally;source determined;since hmph bah;maximum whip
4;alias despite;fossick;husky aim;loincloth honey grouchy;forest lever;since afterwards composite;behind ice;until;forage;because even towards;bifocals;Paxton;Murazik;nibble;eek why past;preregister exalt;pfft pace uh-huh;publishing;oof;sigh hideous reinterpret;beside;eek;brightly;mechanically plough;psst highball;once righteously;plover uh-huh;indeed psst forenenst;statue athwart
5;yawningly equally brightly;outlying inside;to indeed;papaya oblong vice;heater;nervously;faraway;though courageously;eek;practical;and;Jeffrey;Goodwin;drat mod;aquifer vice why;never;whether in;ha where yet;roasted;buttery;behind fine boohoo;gang utterly scrawny;lay cultivator;yahoo;devoice consecrate;grid;scornful until;righteously ouch necklace;leaver bah
6;astride gadzooks leading;clerk warped;since concerning opposite;the;monthly while anti;vice scrutiny toward;remix nor um;brown smoothly soft;sniveling;the upright since;briskly;Alisha;Kerluke;reversal an;even monopolize apud;stadium;urban predicate normalize;uh-huh;at;since;question;venti;insist yum;meanwhile sadly;till ick sizzle;till warmly treasure;irritating meanwhile stole;subtle infiltrate bedroom;faint
7;in mistake amidst;luncheonette gifted;yippee and bah;furthermore;unless;facilitate satisfied testing;but meanwhile;since;solemnly across only;alarming within;quest;Jammie;Goyette;officially;than;oh;gee invention bare;how;circa hearken;interact indeed;during against curb;abaft;after now;upon gah;snipe meh;notwithstanding;cheerfully;by;mid
8;anchored perturb;above astride broadly;besides ding;petty stingy beside;overdue remarkable;inside;unless whoever;normalise absent;relieved with;regarding;incidentally grounded;Lilliana;Lesch;tightly that;toward;aw via underneath;below dead whenever;ouch cover;potentially;vaporise old-fashioned;fantastic;rig but bow;gah psst strictly;entry whoa ridge;release;jealously geez until;hence;inside;mmm promptly wok
9;doorknob;lest adjust tremendously;upon noisy pish;humiliating elastic vice;while worried psst;besides;except concentrate faithfully;partial harsh but;kind chocolate;continually;failing geez lively;Garland;Cole;supposing incomplete;against;who;drinking;circa;of;or bah silver;quaintly;even turbulent;or duh trill;fooey hmph composed;interestingly lest undercharge;astride verifiable defiantly;grocery;stump portray;neighboring wetly
10;that er;spirit better;pfft concerning;down;fooey notwithstanding;um dispatch over;fussy yippee failing;so gently;yet barring woot;usher suspect helplessly;scratchy;Reynold;Bruen;off mixed chives;jewel like;monger unethically;ack;mean;furthermore reasonable bean;aha at uh-huh;per endorse;till french foolishly;handgun skylight;woot savage;worm wherever;zowie majority;plasticise request finally;underneath likewise zowie;rejigger upright finally
