id;name;code;address;status
1;earth;precis mello;unless accomplished plasterboard;CANCELLED
2;waste;per anklet c;confidence energetically mostly;CANCELLED
3;decimal bite-sized;wagon;whinge youthfully skewer;DELETED
4;wisely;irritably cr;aw questioningly behind;PENDING
5;brilliant ick fooey;atop;pish flaky;PENDING
6;far cooked;milky;regarding;PENDING
7;when;payment cano;on furthermore;PENDING
8;that than;aha;reshuffle fruitful;COMPLETED
9;illumine exemplary;gad glum;beauty fooey;COMPLETED
10;mop battalion;township sta;box safely daily;FRESH
